[TOC]



# 表空间传输

- MySQL 5.6开始支持
  1. 目标端新建表

     ```target-mysql> create table TB_NAME ...;```

  2. 目标端discard 表空间（危险，切记只能在目标端执行，因为数据文件就没了）

     ```target-mysql> alter table TB_NAME discard tablespace;```

  3. 源端锁表

     ```source-mysql> flush table TB_NAME for export;```

  4. 源端锁表后将表空间文件和配置文件复制到目标端对应目录

     ```shell cp TB_NAME.ibd TB_NAME.cfg ... to target dir ```

  5. 复制完成后源端表释放锁

     ```source-mysql> unlock tables;```

  6. 目标端导入表空间，完成表空间传输

     ```target-mysql> alter table TB_NAME import tablespace;```

==再次注意：alter table TBNAME discard tablespace 一定要万分小心， 切记只能在目标库进行操作！！！ 如果在源库操作，数据文件就没了！==




# 实验：传输表空间

在3306库中创建数据库kk，并创建表kk.names(id int,name varchar(30)) ，然后将该表通过传输表空间的方式传输给3307数据库实例的数据库yy中。

- **3306：**
    ```
    root@localhost [(none)]>create database kk;
    Query OK, 1 row affected (0.00 sec)

    root@localhost [(none)]>use kk;
    Database changed

    root@localhost [kk]>create table name (id int, name varchar(30));
    Query OK, 0 rows affected (0.01 sec)

    root@localhost [kk]>insert into name values(1,'aa');
    Query OK, 1 row affected (0.00 sec)

    root@localhost [kk]>insert into name values(2,'bb');
    Query OK, 1 row affected (0.00 sec)

    root@localhost [kk]>insert into name values(3,'cc');
    Query OK, 1 row affected (0.01 sec)

    root@localhost [kk]>commit;
    Query OK, 0 rows affected (0.00 sec)

    root@localhost [kk]>select * from name;
    +------+------+
    | id  | name |
    +------+------+
    |  1 | aa  |
    |  2 | bb  |
    |  3 | cc  |
    +------+------+
    3 rows in set (0.00 sec)

    **root@localhost [kk]>flush table name for export;**
    Query OK, 0 rows affected (0.00 sec)

    root@localhost [kk]>insert into name values(4,'d');  --- flush table for export 后无法插入数据，但是可以查询。

    **ERROR 1099 (HY000): Table 'name' was locked with a READ lock and can't be updated**

    root@localhost [kk]>select * from name;
    +------+------+
    | id  | name |
    +------+------+
    |  1 | aa  |
    |  2 | bb  |
    |  3 | cc  |
    +------+------+
    3 rows in set (0.00 sec)

    [root@kk data]# ll kk   --- flush table for export 前。
    total 112
    -rw-r-----. 1 mysql mysql  67 Jan 9 15:27 db.opt
    -rw-r-----. 1 mysql mysql 8586 Jan 9 15:27 name.frm
    -rw-r-----. 1 mysql mysql 98304 Jan 9 15:28 name.ibd
    [root@kk data]# ll kk   --- flush table for export 后。
    total 116
    -rw-r-----. 1 mysql mysql  67 Jan 9 15:27 db.opt
    -rw-r-----. 1 mysql mysql  407 Jan 9 15:30 name.cfg
    -rw-r-----. 1 mysql mysql 8586 Jan 9 15:27 name.frm
    -rw-r-----. 1 mysql mysql 98304 Jan 9 15:28 name.ibd
    [root@kk data]# cd kk
    [root@kk kk]# ls
    db.opt name.cfg name.frm name.ibd
    **[root@kk kk]# cp name.cfg name.ibd /tmp** ---拷走cfg和ibd文件
    **root@localhost [kk]>unlock tables;**   ---拷走cfg和ibd文件后就可以释放锁了。
    Query OK, 0 rows affected (0.01 sec)

    root@localhost [kk]>insert into name values(4,'dd');  ---释放锁后就可DML了。
    Query OK, 1 row affected (0.13 sec)

    root@localhost [kk]>select * from name;
    +------+------+
    | id  | name |
    +------+------+
    |  1 | aa  |
    |  2 | bb  |
    |  3 | cc  |
    |  4 | dd  |
    +------+------+
    4 rows in set (0.01 sec)

    root@localhost [kk]>commit;
    Query OK, 0 rows affected (0.00 sec)
    ```

- **3307：**

    ```
    先去查看3306的源库create语句：
    CREATE TABLE `name` (
    `id` int(11) DEFAULT NULL,
    `name` varchar(30) DEFAULT NULL
    ) ENGINE=InnoDB DEFAULT CHARSET=utf8mb4 

    root@localhost [(none)]>create database yy;
    Query OK, 1 row affected (0.00 sec)

    root@localhost [(none)]>use yy;
    Database changed

    root@localhost [yy]>CREATE TABLE `name` (
      ->  `id` int(11) DEFAULT NULL,
      ->  `name` varchar(30) DEFAULT NULL
      -> ) ENGINE=InnoDB DEFAULT CHARSET=utf8mb4
      -> ;
    Query OK, 0 rows affected (0.02 sec)

    [root@kk data]# cd yy  ---建表后，生成文件如下
    [root@kk yy]# ll
    total 112
    -rw-r-----. 1 mysql mysql  67 Jan 9 15:39 db.opt
    -rw-r-----. 1 mysql mysql 8586 Jan 9 15:39 name.frm
    -rw-r-----. 1 mysql mysql 98304 Jan 9 15:39 name.ibd

    root@localhost [yy]>alter table name discard tablespace;
    Query OK, 0 rows affected (0.01 sec)

    [root@kk yy]# ll   ---discard tablespace后，会发现ibd文件（数据文件）消失了
    total 16
    -rw-r-----. 1 mysql mysql  67 Jan 9 15:39 db.opt
    -rw-r-----. 1 mysql mysql 8586 Jan 9 15:39 name.frm

    [root@kk yy]# cp /tmp/name.* .    ---将3306导出的数据文件复制到3307要导入的数据库目录下并配置权限。
    [root@kk yy]# chown mysql:mysql ./*
    [root@kk yy]# ll
    total 116
    -rw-r-----. 1 mysql mysql  67 Jan 9 15:39 db.opt
    -rw-r-----. 1 mysql mysql  407 Jan 9 15:40 name.cfg
    -rw-r-----. 1 mysql mysql 8586 Jan 9 15:39 name.frm
    -rw-r-----. 1 mysql mysql 98304 Jan 9 15:40 name.ibd
    [root@kk yy]# 

    **root@localhost [yy]>alter table yy.name import tablespace;**   ---执行导入
    Query OK, 0 rows affected (0.02 sec)

    root@localhost [yy]>show tables;  ---导入后可以看到表，并能查看数据。
    +--------------+
    | Tables_in_yy |
    +--------------+
    | name     |
    +--------------+
    1 row in set (0.00 sec)

    root@localhost [yy]>select * from name;
    +------+------+
    | id  | name |
    +------+------+
    |  1 | aa  |
    |  2 | bb  |
    |  3 | cc  |
    +------+------+
    3 rows in set (0.00 sec)
    ```

# 系统表空间（ibdata1）误删的数据库恢复：

- 3307误删ibdata1，如何恢复数据库？

  - ibdata1为共享空间，虽然它没了，但是独立表空间的数据都还在。可以建立新实例后，用传输表空间的方式将3307库需要恢复的表进行恢复。

- 3307：
  ```
  [root@kk data]# ll
  total 409636
  -rw-r-----. 1 mysql mysql    56 Jan 9 14:52 auto.cnf
  -rw-r-----. 1 mysql mysql    371 Jan 9 16:05 ib_buffer_pool
  -rw-r-----. 1 mysql mysql 104857600 Jan 9 16:05 ibdata1
  -rw-r-----. 1 mysql mysql 104857600 Jan 9 16:05 ib_logfile0
  -rw-r-----. 1 mysql mysql 104857600 Jan 9 14:52 ib_logfile1
  -rw-r-----. 1 mysql mysql 104857600 Jan 9 14:52 ib_logfile2
  drwxr-x---. 2 mysql mysql   4096 Jan 9 14:52 mysql
  drwxr-x---. 2 mysql mysql   8192 Jan 9 14:52 performance_schema
  drwxr-x---. 2 mysql mysql   8192 Jan 9 14:52 sys
  drwxr-x---. 2 mysql mysql    68 Jan 9 15:40 yy
  [root@kk data]# mv ibdata1 ibdata1_bak   ---模拟文件误删
  [root@kk data]# mysqld --defaults-file=/data/mysql/mysql3307/my3307.cnf &   ----无法顺利启动数据库实例
  [1] 37107

  [root@kk data]# 
  [1]+ Exit 1         mysqld --defaults-file=/data/mysql/mysql3307/my3307.cnf

  [root@kk data]# tail -20 ../logs/error.log
  2020-01-09T16:05:46.673326+08:00 0 [Note] InnoDB: Using Linux native AIO
  2020-01-09T16:05:46.673343+08:00 0 [Note] InnoDB: Adjusting innodb_buffer_pool_instances from 4 to 1 since innodb_buffer_pool_size is less than 1024 MiB
  2020-01-09T16:05:46.674372+08:00 0 [Note] InnoDB: Number of pools: 1
  2020-01-09T16:05:46.674594+08:00 0 [Note] InnoDB: Using CPU crc32 instructions
  2020-01-09T16:05:46.678179+08:00 0 [Note] InnoDB: Initializing buffer pool, total size = 100M, instances = 1, chunk size = 100M
  2020-01-09T16:05:46.685708+08:00 0 [Note] InnoDB: Completed initialization of buffer pool
  2020-01-09T16:05:46.689409+08:00 0 [Note] InnoDB: If the mysqld execution user is authorized, page cleaner thread priority can be changed. See the man page of setpriority().
  2020-01-09T16:05:46.699494+08:00 0 [Note] InnoDB: The first innodb_system data file 'ibdata1' did not exist. A new tablespace will be created!
  2020-01-09T16:05:46.699544+08:00 0 [ERROR] InnoDB: redo log file './ib_logfile0' exists. Creating system tablespace with existing redo log files is not recommended. Please delete all redo log files before creating new system tablespace.
  2020-01-09T16:05:46.699552+08:00 0 [ERROR] InnoDB: InnoDB Database creation was aborted with error Generic error. You may need to delete the ibdata1 file before trying to start up again.
  2020-01-09T16:05:47.301002+08:00 0 [ERROR] Plugin 'InnoDB' init function returned error.
  2020-01-09T16:05:47.301054+08:00 0 [ERROR] Plugin 'InnoDB' registration as a STORAGE ENGINE failed.
  2020-01-09T16:05:47.301067+08:00 0 [ERROR] Failed to initialize builtin plugins.
  2020-01-09T16:05:47.301086+08:00 0 [ERROR] Aborting
  2020-01-09T16:05:47.301107+08:00 0 [Note] Binlog end
  2020-01-09T16:05:47.301397+08:00 0 [Note] Shutting down plugin 'MyISAM'
  2020-01-09T16:05:47.301455+08:00 0 [Note] Shutting down plugin 'CSV'
  2020-01-09T16:05:47.302617+08:00 0 [Note] mysqld: Shutdown complete
  ```


- 3306：创建数据库和表结构。
  ```
  root@localhost [(none)]>show databases;
  +--------------------+
  | Database      |
  +--------------------+
  | information_schema |
  | mysql       |
  | performance_schema |
  | sys        |
  +--------------------+
  4 rows in set (0.00 sec)

  root@localhost [(none)]>create database yy;
  Query OK, 1 row affected (0.01 sec)

  root@localhost [(none)]>use yy;
  Database changed

  root@localhost [yy]>create table name (id int, name varchar(30));
  Query OK, 0 rows affected (0.01 sec)

  root@localhost [yy]>alter table name discard tablespace;
  Query OK, 0 rows affected (0.01 sec)
  ```

- 3307：将ibd文件复制到3306对应目录
  ```
  [root@kk data]# ls
  auto.cnf ib_buffer_pool ibdata1_bak ib_logfile0 ib_logfile1 ib_logfile2 mysql performance_schema sys yy

  [root@kk data]# cd yy
  [root@kk yy]# ls
  db.opt name.cfg name.frm name.ibd

  [root@kk yy]# cp name.ibd /data/mysql/mysql3306/data/yy/    ----模拟3307未做for export时， 无cfg文件。
  ```


- 3306：
  ```
  root@localhost [yy]>alter table name import tablespace;
  ERROR 1812 (HY000): Tablespace is missing for table `yy`.`name`.      ----文件权限忘记改了

  root@localhost [yy]>alter table name import tablespace;    ----修改权限后倒入
  Query OK, 0 rows affected, 1 warning (0.02 sec)

  root@localhost [yy]>show warnings;      ----模拟3307未做for export时， 无cfg文件，所以会有警告。

  +---------+------+-----------------------------------------------------------------------------------------------------------------------------------------+
  | Level  | Code | Message                                                                 |
  +---------+------+-----------------------------------------------------------------------------------------------------------------------------------------+
  | Warning | 1810 | InnoDB: IO Read error: (2, No such file or directory) Error opening './yy/name.cfg', will attempt to import without schema verification |
  +---------+------+-----------------------------------------------------------------------------------------------------------------------------------------+
  1 row in set (0.00 sec)

  root@localhost [yy]>show tables;   ----虽然有警告，但是已经导入成功了。
  +--------------+
  | Tables_in_yy |
  +--------------+
  | name     |
  +--------------+
  1 row in set (0.00 sec)

  root@localhost [yy]>select * from name;
  +------+------+
  | id  | name |
  +------+------+
  |  1 | aa  |
  |  2 | bb  |
  |  3 | cc  |
  +------+------+
  3 rows in set (0.00 sec)

  root@localhost [yy]>
  ```

- 当表很多的时候，这么做挺令人崩溃的。

- 另外，mysql5.7及之前，表结构是存储在frm文件中，虽然是二进制文件，但是有解析方法，可以用来提取表结构信息。

- mysql8.0之后就不能通过frm提取表结构了，ibdata被误删后就无法从数据库中获取到表结构信息，只能从备份或其他途径进行表结构定义恢复。

 

 