[TOC]

# 临时表空间

## 全局临时表 Global Temporary Tablespace, ibtmp1 

8.0开始ibtmp1被弱化，为全局临时表。

- 存储用户临时表产生的rollback segment
- 用户session断开，或者删除临时表后，回滚段会删除释放，但表空间不会自动收缩给OS，需要等到重启后自动重建临时表。
- innodb_temp_data_file_path     选项定义路径、大小等，初始值12MB
- 限制其最大尺寸会造成无法创建临时表，或者大SQL事务执行过程中报错
- 实例关闭后，临时表文件会被删除，实例启动后，临时表文件重新创建
- 临时表不参与crash recovery，也不记录redo log

 

 

## 用户session级别临时表空间 Session Temporary Tablespace, ibt

存储用户创建的临时表，以及用户执行SQL过程中生成的内部（磁盘）临时表。

用户自己的临时表放在#innodb_temp/*.ibt，session会话退出后，临时段自动回收。

 

- 优势

  - 8.0以前， 有个严重问题，就是ibtmp1，用户执行过程中产生大量临时存在ibtmp1
  - 文件被撑爆后也无法回缩的。
  - 改进后只有innodb内部线程自己生成的临时表才会放在ibtmp1文件里。
  - 用户运行过程中产生的临时表都会放在innodb_temp目录中

 

- 配置

  - inrernal_tmp_disk_storage_engine      设置内部磁盘临时表引擎类型，8.0.16开始，强制用InnoDB，因此8.0.16开始该选项失效。
  - innodb_temp_tablespaces_dir      选项设置会话级用户临时表空间存储路径

- 特性

  - 会话级临时表空间初始共有10个，会随着用户连接数及创建临时表的情况按需增加，实例重启后会删除这些文件。
  - 每个session随机分配到某个临时表空间中
  - 每个session最多分配两个临时表空间，一个用于存储用户主动创建的临时表(create temporary      table)，另一个用于存储用户执行SQL过程中生成的内部(磁盘)临时表
  - session断开后，会话级用户临时表空间会直接释放，不用再担心撑爆磁盘

 

[[老叶茶馆\] - 2017-09-18 MySQL 5.7怎么爬出临时表空间的坑.html]( )

[[老叶茶馆\] - 2017-07-12 MySQL 5.7临时表空间怎么玩才能不掉坑里.html]( )

 

 

## 临时表空间管理：

### 查看会话级临时表空间的使用情况

```
mysql> select * from information_schema.innodb_session_temp_tablespaces;
+----+------------+----------------------------+-------+----------+-----------+
| ID | SPACE   | PATH            | SIZE | STATE  | PURPOSE  |
+----+------------+----------------------------+-------+----------+-----------+
| 12 | 4294501266 | ./#innodb_temp/temp_10.ibt | 81920 | ACTIVE  | INTRINSIC |
| 13 | 4294501265 | ./#innodb_temp/temp_9.ibt | 81920 | ACTIVE  | INTRINSIC |
| 0 | 4294501257 | ./#innodb_temp/temp_1.ibt | 81920 | INACTIVE | NONE   |
| 0 | 4294501258 | ./#innodb_temp/temp_2.ibt | 81920 | INACTIVE | NONE   |
| 0 | 4294501259 | ./#innodb_temp/temp_3.ibt | 81920 | INACTIVE | NONE   |
| 0 | 4294501260 | ./#innodb_temp/temp_4.ibt | 81920 | INACTIVE | NONE   |
| 0 | 4294501261 | ./#innodb_temp/temp_5.ibt | 81920 | INACTIVE | NONE   |
| 0 | 4294501262 | ./#innodb_temp/temp_6.ibt | 81920 | INACTIVE | NONE   |
| 0 | 4294501263 | ./#innodb_temp/temp_7.ibt | 81920 | INACTIVE | NONE   |
| 0 | 4294501264 | ./#innodb_temp/temp_8.ibt | 81920 | INACTIVE | NONE   |
+----+------------+----------------------------+-------+----------+-----------+
10 rows in set (0.00 sec)
```

 

### 查看全局临时表空间的情况

```
mysql> select * from files where tablespace_name like '%temp%'\G
*************************** 1. row ***************************
       FILE_ID: 4294967293
      FILE_NAME: ./ibtmp1
      FILE_TYPE: TEMPORARY
   TABLESPACE_NAME: innodb_temporary
    TABLE_CATALOG: 
    TABLE_SCHEMA: NULL
     TABLE_NAME: NULL
 LOGFILE_GROUP_NAME: NULL
LOGFILE_GROUP_NUMBER: NULL
       ENGINE: InnoDB
    FULLTEXT_KEYS: NULL
    DELETED_ROWS: NULL
    UPDATE_COUNT: NULL
    FREE_EXTENTS: 2
    TOTAL_EXTENTS: 12
     EXTENT_SIZE: 1048576
    INITIAL_SIZE: 12582912
    MAXIMUM_SIZE: NULL
   AUTOEXTEND_SIZE: 67108864
    CREATION_TIME: NULL
  LAST_UPDATE_TIME: NULL
  LAST_ACCESS_TIME: NULL
    RECOVER_TIME: NULL
 TRANSACTION_COUNTER: NULL
       VERSION: NULL
     ROW_FORMAT: NULL
     TABLE_ROWS: NULL
   AVG_ROW_LENGTH: NULL
     DATA_LENGTH: NULL
   MAX_DATA_LENGTH: NULL
    INDEX_LENGTH: NULL
      DATA_FREE: 6291456
     CREATE_TIME: NULL
     UPDATE_TIME: NULL
     CHECK_TIME: NULL
      CHECKSUM: NULL
       STATUS: NORMAL
        EXTRA: NULL
1 row in set (0.00 sec)
```

 

 

 

### 创建session级别临时表，通过实验来观察临时表的分配、查看及回收

```
mysql> create temporary table k1 like bigints;
Query OK, 0 rows affected (0.04 sec)
 
mysql> desc k1;
+-------+--------------+------+-----+---------+----------------+
| Field | Type     | Null | Key | Default | Extra     |
+-------+--------------+------+-----+---------+----------------+
| id  | int     | NO  | PRI | NULL  | auto_increment |
| dtl  | varchar(200) | YES |   | NULL  | NULL      |
+-------+--------------+------+-----+---------+----------------+
2 rows in set (0.02 sec)
 
mysql> insert into k1 select * from bigints;
Query OK, 2621440 rows affected (25.30 sec)
Records: 2621440 Duplicates: 0 Warnings: 0
 
```

换一个session查询

```
mysql> select * from information_schema.innodb_temp_table_info;
+----------+--------------+--------+------------+
| TABLE_ID | NAME     | N_COLS | SPACE   |
+----------+--------------+--------+------------+
|   1089 | #sql4c_19_13 |   5 | 4294501264 |
+----------+--------------+--------+------------+
1 row in set (0.00 sec)
 
mysql> select * from information_schema.innodb_session_temp_tablespaces;
+----+------------+----------------------------+-----------+----------+-----------+
| ID | SPACE   | PATH            | SIZE   | STATE  | PURPOSE  |
+----+------------+----------------------------+-----------+----------+-----------+
| 13 | 4294501265 | ./#innodb_temp/temp_9.ibt |   98304 | ACTIVE  | INTRINSIC |
| 29 | 4294501263 | ./#innodb_temp/temp_7.ibt | 134217728 | ACTIVE  | USER   |
| 0 | 4294501257 | ./#innodb_temp/temp_1.ibt |   81920 | INACTIVE | NONE   |
| 0 | 4294501258 | ./#innodb_temp/temp_2.ibt |   81920 | INACTIVE | NONE   |
| 0 | 4294501259 | ./#innodb_temp/temp_3.ibt |   81920 | INACTIVE | NONE   |
| 0 | 4294501260 | ./#innodb_temp/temp_4.ibt |   81920 | INACTIVE | NONE   |
| 0 | 4294501261 | ./#innodb_temp/temp_5.ibt |   81920 | INACTIVE | NONE   |
| 0 | 4294501262 | ./#innodb_temp/temp_6.ibt |   81920 | INACTIVE | NONE   |
| 0 | 4294501264 | ./#innodb_temp/temp_8.ibt |   81920 | INACTIVE | NONE   |
| 0 | 4294501266 | ./#innodb_temp/temp_10.ibt |   81920 | INACTIVE | NONE   |
+----+------------+----------------------------+-----------+----------+-----------+
10 rows in set (0.00 sec)
 
[17:34:49] root@ms85:#innodb_temp # ll -h
total 129M
-rw-r----- 1 mysql mysql 80K Jul 7 11:39 temp_10.ibt
-rw-r----- 1 mysql mysql 80K Jul 7 11:39 temp_1.ibt
-rw-r----- 1 mysql mysql 80K Jul 7 11:39 temp_2.ibt
-rw-r----- 1 mysql mysql 80K Jul 7 11:39 temp_3.ibt
-rw-r----- 1 mysql mysql 80K Jul 7 11:39 temp_4.ibt
-rw-r----- 1 mysql mysql 80K Jul 7 11:39 temp_5.ibt
-rw-r----- 1 mysql mysql 80K Jul 7 11:39 temp_6.ibt
-rw-r----- 1 mysql mysql 128M Jul 7 17:35 temp_7.ibt
-rw-r----- 1 mysql mysql 80K Jul 7 17:31 temp_8.ibt
-rw-r----- 1 mysql mysql 96K Jul 7 17:23 temp_9.ibt
 
 
```

断开前一个session

```
mysql> exit;
Bye
 
```

再次查询，发现临时表已经被释放

```
mysql> select * from information_schema.innodb_temp_table_info;
Empty set (0.00 sec)
 
mysql> select * from information_schema.innodb_session_temp_tablespaces;
+----+------------+----------------------------+-------+----------+-----------+
| ID | SPACE   | PATH            | SIZE | STATE  | PURPOSE  |
+----+------------+----------------------------+-------+----------+-----------+
| 12 | 4294501266 | ./#innodb_temp/temp_10.ibt | 81920 | ACTIVE  | INTRINSIC |
| 13 | 4294501265 | ./#innodb_temp/temp_9.ibt | 98304 | ACTIVE  | INTRINSIC |
| 0 | 4294501257 | ./#innodb_temp/temp_1.ibt | 81920 | INACTIVE | NONE   |
| 0 | 4294501258 | ./#innodb_temp/temp_2.ibt | 81920 | INACTIVE | NONE   |
| 0 | 4294501259 | ./#innodb_temp/temp_3.ibt | 81920 | INACTIVE | NONE   |
| 0 | 4294501260 | ./#innodb_temp/temp_4.ibt | 81920 | INACTIVE | NONE   |
| 0 | 4294501261 | ./#innodb_temp/temp_5.ibt | 81920 | INACTIVE | NONE   |
| 0 | 4294501262 | ./#innodb_temp/temp_6.ibt | 81920 | INACTIVE | NONE   |
| 0 | 4294501264 | ./#innodb_temp/temp_8.ibt | 81920 | INACTIVE | NONE   |
| 0 | 4294501263 | ./#innodb_temp/temp_7.ibt | 81920 | INACTIVE | NONE   |
+----+------------+----------------------------+-------+----------+-----------+
10 rows in set (0.00 sec)
 
[17:36:08] root@ms85:#innodb_temp # ll
total 336K
-rw-r----- 1 mysql mysql 80K Jul 7 11:39 temp_10.ibt
-rw-r----- 1 mysql mysql 80K Jul 7 11:39 temp_1.ibt
-rw-r----- 1 mysql mysql 80K Jul 7 11:39 temp_2.ibt
-rw-r----- 1 mysql mysql 80K Jul 7 11:39 temp_3.ibt
-rw-r----- 1 mysql mysql 80K Jul 7 11:39 temp_4.ibt
-rw-r----- 1 mysql mysql 80K Jul 7 11:39 temp_5.ibt
-rw-r----- 1 mysql mysql 80K Jul 7 11:39 temp_6.ibt
-rw-r----- 1 mysql mysql 80K Jul 7 17:36 temp_7.ibt
-rw-r----- 1 mysql mysql 80K Jul 7 17:31 temp_8.ibt
-rw-r----- 1 mysql mysql 96K Jul 7 17:23 temp_9.ibt
 
```

 

### 干掉占用临时表空间的会话

```
mysql> select * from information_schema.innodb_session_temp_tablespaces;
+----+------------+----------------------------+-----------+----------+-----------+
| ID | SPACE   | PATH            | SIZE   | STATE  | PURPOSE  |
+----+------------+----------------------------+-----------+----------+-----------+
| 13 | 4294501265 | ./#innodb_temp/temp_9.ibt |   98304 | ACTIVE  | INTRINSIC |
| 30 | 4294501263 | ./#innodb_temp/temp_7.ibt | 125829120 | ACTIVE  | USER   |
| 0 | 4294501257 | ./#innodb_temp/temp_1.ibt |   81920 | INACTIVE | NONE   |
| 0 | 4294501258 | ./#innodb_temp/temp_2.ibt |   81920 | INACTIVE | NONE   |
| 0 | 4294501259 | ./#innodb_temp/temp_3.ibt |   81920 | INACTIVE | NONE   |
| 0 | 4294501260 | ./#innodb_temp/temp_4.ibt |   81920 | INACTIVE | NONE   |
| 0 | 4294501261 | ./#innodb_temp/temp_5.ibt |   81920 | INACTIVE | NONE   |
| 0 | 4294501262 | ./#innodb_temp/temp_6.ibt |   81920 | INACTIVE | NONE   |
| 0 | 4294501264 | ./#innodb_temp/temp_8.ibt |   81920 | INACTIVE | NONE   |
| 0 | 4294501266 | ./#innodb_temp/temp_10.ibt |   81920 | INACTIVE | NONE   |
+----+------------+----------------------------+-----------+----------+-----------+
10 rows in set (0.00 sec)
 
mysql> show processlist;
+----+-----------------+-----------+--------------------+---------+-------+------------------------+--------------------------------------+
| Id | User      | Host   | db         | Command | Time | State         | Info                 |
+----+-----------------+-----------+--------------------+---------+-------+------------------------+--------------------------------------+
| 4 | event_scheduler | localhost | NULL        | Daemon | 21518 | Waiting on empty queue | NULL                 |
| 13 | root      | localhost | information_schema | Query  |   0 | starting        | show processlist           |
| 30 | root      | localhost | kk         | Query  |  22 | executing       | insert into k1 select * from bigints |
+----+-----------------+-----------+--------------------+---------+-------+------------------------+--------------------------------------+
3 rows in set (0.00 sec)
 
mysql> kill 30
  -> ;
Query OK, 0 rows affected (0.00 sec)
 
mysql> show processlist;
+----+-----------------+-----------+--------------------+---------+-------+------------------------+------------------+
| Id | User      | Host   | db         | Command | Time | State         | Info       |
+----+-----------------+-----------+--------------------+---------+-------+------------------------+------------------+
| 4 | event_scheduler | localhost | NULL        | Daemon | 21531 | Waiting on empty queue | NULL       |
| 13 | root      | localhost | information_schema | Query  |   0 | starting        | show processlist |
+----+-----------------+-----------+--------------------+---------+-------+------------------------+------------------+
2 rows in set (0.00 sec)
 
mysql> select * from information_schema.innodb_session_temp_tablespaces;
+----+------------+----------------------------+-------+----------+-----------+
| ID | SPACE   | PATH            | SIZE | STATE  | PURPOSE  |
+----+------------+----------------------------+-------+----------+-----------+
| 13 | 4294501265 | ./#innodb_temp/temp_9.ibt | 98304 | ACTIVE  | INTRINSIC |
| 0 | 4294501257 | ./#innodb_temp/temp_1.ibt | 81920 | INACTIVE | NONE   |
| 0 | 4294501258 | ./#innodb_temp/temp_2.ibt | 81920 | INACTIVE | NONE   |
| 0 | 4294501259 | ./#innodb_temp/temp_3.ibt | 81920 | INACTIVE | NONE   |
| 0 | 4294501260 | ./#innodb_temp/temp_4.ibt | 81920 | INACTIVE | NONE   |
| 0 | 4294501261 | ./#innodb_temp/temp_5.ibt | 81920 | INACTIVE | NONE   |
| 0 | 4294501262 | ./#innodb_temp/temp_6.ibt | 81920 | INACTIVE | NONE   |
| 0 | 4294501264 | ./#innodb_temp/temp_8.ibt | 81920 | INACTIVE | NONE   |
| 0 | 4294501266 | ./#innodb_temp/temp_10.ibt | 81920 | INACTIVE | NONE   |
| 0 | 4294501263 | ./#innodb_temp/temp_7.ibt | 81920 | INACTIVE | NONE   |
+----+------------+----------------------------+-------+----------+-----------+
10 rows in set (0.00 sec)
```
