```
mysql> set session transaction isolation level read uncommitted;
Query OK, 0 rows affected (0.00 sec)
 
mysql> set autocommit=0;
Query OK, 0 rows affected (0.00 sec)
 
脏读
Session1：
mysql> select * from u1;
+----+----+---------------+
| c1 | c2 | c3      |
+----+----+---------------+
| 1 | 2 | 3.0000000000 |
| 2 | 3 | 4.0000000000 |
| 3 | 4 | 5.0000000000 |
| 5 | 6 | 10.0000000000 |
+----+----+---------------+
4 rows in set (0.00 sec)
 
mysql> show create table u1;
| u1  | CREATE TABLE `u1` (
 `c1` int NOT NULL,
 `c2` int unsigned NOT NULL,
 `c3` decimal(30,10) NOT NULL,
 PRIMARY KEY (`c1`),
 KEY `c2k` (`c2`),
 KEY `c3k` (`c3`)
) ENGINE=InnoDB DEFAULT CHARSET=utf8mb4 COLLATE=utf8mb4_0900_ai_ci |
 
1 row in set (0.00 sec)
 
mysql> begin
  -> ;
Query OK, 0 rows affected (0.00 sec)
 
mysql> insert into u1 values(9,9,9);
Query OK, 1 row affected (0.00 sec)
 
session2;
mysql> select * from u1;
+----+----+---------------+
| c1 | c2 | c3      |
+----+----+---------------+
| 1 | 2 | 3.0000000000 |
| 2 | 3 | 4.0000000000 |
| 3 | 4 | 5.0000000000 |
| 5 | 6 | 10.0000000000 |
| 9 | 9 | 9.0000000000 |
+----+----+---------------+
5 rows in set (0.00 sec)
 
session1:
mysql> rollback;
Query OK, 0 rows affected (0.01 sec)
 
session2:
mysql> select * from u1;
+----+----+---------------+
| c1 | c2 | c3      |
+----+----+---------------+
| 1 | 2 | 3.0000000000 |
| 2 | 3 | 4.0000000000 |
| 3 | 4 | 5.0000000000 |
| 5 | 6 | 10.0000000000 |
+----+----+---------------+
4 rows in set (0.00 sec)
 
模拟更新覆盖（失败）
session1：
mysql> select * from u1;
+----+----+---------------+
| c1 | c2 | c3      |
+----+----+---------------+
| 1 | 2 | 3.0000000000 |
| 2 | 3 | 4.0000000000 |
| 3 | 4 | 5.0000000000 |
| 5 | 6 | 10.0000000000 |
+----+----+---------------+
4 rows in set (0.00 sec)
 
mysql> insert into u1 values(9,9,9);
Query OK, 1 row affected (0.00 sec)
 
mysql> update u1 set c2=99 where c1=9;
Query OK, 1 row affected (0.00 sec)
Rows matched: 1 Changed: 1 Warnings: 0
 
mysql> 
session2：
mysql> select * from u1;
+----+----+---------------+
| c1 | c2 | c3      |
+----+----+---------------+
| 1 | 2 | 3.0000000000 |
| 2 | 3 | 4.0000000000 |
| 3 | 4 | 5.0000000000 |
| 5 | 6 | 10.0000000000 |
| 9 | 99 | 9.0000000000 |
+----+----+---------------+
5 rows in set (0.00 sec)
 
mysql> update u1 set c2=999 where c1=9;
ERROR 1205 (HY000): Lock wait timeout exceeded; try restarting transaction #模拟不成功，为什么？——因为没提交，有锁！ 所以更新覆盖得场景，必须有提交——实际上，业务逻辑不合理，就会发生更新覆盖。
```